{
    "combined": {
        "time": [
            "2023-12",
            "2024-01",
            "2024-02",
            "2024-03",
            "2024-04",
            "2024-05",
            "2024-06",
            "2024-07",
            "2024-08",
            "2024-09",
            "2024-10",
            "2024-11",
            "2024-12",
            "2025-01",
            "2025-02",
            "2025-03",
            "2025-04",
            "2025-05",
            "2025-06",
            "2025-07",
            "2025-08",
            "2025-09",
            "2025-10",
            "2025-11",
            "2025-12",
            "2026-01",
            "2026-02"
        ],
        "actual": [
            3900.0,
            4200.0,
            5800.0,
            6500.0,
            7000.0,
            8500.0,
            10000.0,
            13000.0,
            15000.0,
            16500.0,
            18500.0,
            20500.0,
            22500.0,
            24000.0,
            26500.0,
            28500.0,
            30200.0,
            31000.0,
            31500.0,
            32500.0,
            33100.0,
            34000.0,
            35500.0,
            37200.0,
            39000.0,
            38500.0,
            40100.0
        ],
        "predicted": [
            3900.0,
            4200.0,
            5800.0,
            6500.0,
            7000.0,
            8500.0,
            10000.0,
            13000.0,
            15000.0,
            16500.0,
            18500.0,
            20500.0,
            22500.0,
            24000.0,
            26500.0,
            28500.0,
            30200.0,
            31000.0,
            31500.0,
            32500.0,
            33100.0,
            34219.99853514847,
            35084.57302008562,
            35977.96665452067,
            36842.54113945782,
            37735.93477389287,
            38629.328408327936
        ]
    }
}