{
    "train": {
        "time": [
            "2024-03",
            "2024-04",
            "2024-05",
            "2024-06",
            "2024-07",
            "2024-08",
            "2024-09",
            "2024-10",
            "2024-11",
            "2024-12"
        ],
        "actual": [
            6500.0,
            7000.0,
            8500.0,
            10000.0,
            13000.0,
            15000.0,
            16500.0,
            18500.0,
            20500.0,
            22500.0
        ],
        "predicted": [
            6471.099576604536,
            7475.119751018743,
            8036.745270922705,
            9174.5225308588,
            10561.124862822684,
            12824.067086303607,
            15019.839954671144,
            16957.033860809683,
            19000.203042711313,
            20972.743939015803
        ]
    },
    "test": {
        "time": [
            "2025-01",
            "2025-02",
            "2025-03",
            "2025-04",
            "2025-05",
            "2025-06",
            "2025-07",
            "2025-08",
            "2025-09",
            "2025-10",
            "2025-11",
            "2025-12",
            "2026-01",
            "2026-02"
        ],
        "actual": [
            24000.0,
            26500.0,
            28500.0,
            30200.0,
            31000.0,
            29800.0,
            32500.0,
            33100.0,
            34000.0,
            35500.0,
            37200.0,
            39000.0,
            38500.0,
            40100.0
        ],
        "predicted": [
            23109.29096841236,
            24760.983832868937,
            26252.83545237811,
            27904.528316834687,
            29502.94076630879,
            31154.633630765376,
            32753.04608023948,
            34404.73894469606,
            36056.431809152644,
            37654.844258626756,
            39306.53712308333,
            40904.949572557445,
            42556.642437014016,
            44208.33530147059
        ]
    }
}