{
    "train": {
        "time": [
            "2024-03",
            "2024-04",
            "2024-05",
            "2024-06",
            "2024-07",
            "2024-08",
            "2024-09",
            "2024-10",
            "2024-11",
            "2024-12"
        ],
        "actual": [
            6500.0,
            7000.0,
            8500.0,
            10000.0,
            13000.0,
            15000.0,
            16500.0,
            18500.0,
            20500.0,
            22500.0
        ],
        "predicted": [
            7296.774199161291,
            7248.275829285714,
            7483.870967540985,
            9212.841899471054,
            11483.182263934428,
            14946.94232634977,
            17690.36953696721,
            18287.615697025307,
            20257.59024238353,
            22215.46148265429
        ]
    },
    "test": {
        "time": [
            "2025-01",
            "2025-02",
            "2025-03",
            "2025-04",
            "2025-05",
            "2025-06",
            "2025-07",
            "2025-08",
            "2025-09",
            "2025-10",
            "2025-11",
            "2025-12",
            "2026-01",
            "2026-02"
        ],
        "actual": [
            24000.0,
            26500.0,
            28500.0,
            30200.0,
            31000.0,
            29800.0,
            32500.0,
            33100.0,
            34000.0,
            35500.0,
            37200.0,
            39000.0,
            38500.0,
            40100.0
        ],
        "predicted": [
            24532.57054702869,
            26571.898721311478,
            28413.872556147544,
            30453.20073043033,
            32426.74412489754,
            34466.072299180334,
            36439.61569364754,
            38478.94386793033,
            40518.27204221312,
            42491.81543668033,
            44531.14361096312,
            46504.687005430336,
            48544.01517971311,
            50583.3433539959
        ]
    }
}